-- Adminer 4.2.3 MySQL dump

SET NAMES utf8;
SET time_zone = '+00:00';
SET foreign_key_checks = 0;
SET sql_mode = 'NO_AUTO_VALUE_ON_ZERO';

DROP TABLE IF EXISTS `fba_auth_assignment`;
CREATE TABLE `fba_auth_assignment` (
  `item_name` varchar(64) COLLATE utf8_unicode_ci NOT NULL,
  `user_id` varchar(64) COLLATE utf8_unicode_ci NOT NULL,
  `created_at` int(11) DEFAULT NULL,
  PRIMARY KEY (`item_name`,`user_id`),
  CONSTRAINT `fba_auth_assignment_ibfk_1` FOREIGN KEY (`item_name`) REFERENCES `fba_auth_item` (`name`) ON DELETE CASCADE ON UPDATE CASCADE
) ENGINE=InnoDB DEFAULT CHARSET=utf8 COLLATE=utf8_unicode_ci;

INSERT INTO `fba_auth_assignment` (`item_name`, `user_id`, `created_at`) VALUES
('admin',	'1',	1465415949),
('worker',	'2',	1465415949);

DROP TABLE IF EXISTS `fba_auth_item`;
CREATE TABLE `fba_auth_item` (
  `name` varchar(64) COLLATE utf8_unicode_ci NOT NULL,
  `type` int(11) NOT NULL,
  `description` text COLLATE utf8_unicode_ci,
  `rule_name` varchar(64) COLLATE utf8_unicode_ci DEFAULT NULL,
  `data` text COLLATE utf8_unicode_ci,
  `created_at` int(11) DEFAULT NULL,
  `updated_at` int(11) DEFAULT NULL,
  PRIMARY KEY (`name`),
  KEY `rule_name` (`rule_name`),
  KEY `idx-auth_item-type` (`type`),
  CONSTRAINT `fba_auth_item_ibfk_1` FOREIGN KEY (`rule_name`) REFERENCES `fba_auth_rule` (`name`) ON DELETE SET NULL ON UPDATE CASCADE
) ENGINE=InnoDB DEFAULT CHARSET=utf8 COLLATE=utf8_unicode_ci;

INSERT INTO `fba_auth_item` (`name`, `type`, `description`, `rule_name`, `data`, `created_at`, `updated_at`) VALUES
('admin',	1,	'Administrator',	NULL,	NULL,	1453898357,	1453898357),
('configure grid view',	2,	'Configure Grid View',	NULL,	NULL,	1465805967,	1465805967),
('create user',	2,	'Create user',	NULL,	NULL,	1465801192,	1465801192),
('delete self user',	2,	'Delete self user',	NULL,	NULL,	1465804080,	1465804080),
('delete users',	2,	'Delete users',	NULL,	NULL,	1465804090,	1465804090),
('display settings',	2,	'Display settings',	NULL,	NULL,	1465812404,	1465812404),
('save settings',	2,	'Save settings',	NULL,	NULL,	1465812433,	1465812433),
('update self user',	2,	'Update self user',	NULL,	NULL,	1465802646,	1465802646),
('update users',	2,	'Update all users',	NULL,	NULL,	1465802615,	1465802615),
('view self user',	2,	'View concrete user',	NULL,	NULL,	1465805202,	1465805202),
('view users',	2,	'View all users',	NULL,	NULL,	1465805233,	1465805233),
('worker',	1,	'Pracownik',	NULL,	NULL,	1453898357,	1453898357);

DROP TABLE IF EXISTS `fba_auth_item_child`;
CREATE TABLE `fba_auth_item_child` (
  `parent` varchar(64) COLLATE utf8_unicode_ci NOT NULL,
  `child` varchar(64) COLLATE utf8_unicode_ci NOT NULL,
  PRIMARY KEY (`parent`,`child`),
  KEY `child` (`child`),
  CONSTRAINT `fba_auth_item_child_ibfk_1` FOREIGN KEY (`parent`) REFERENCES `fba_auth_item` (`name`) ON DELETE CASCADE ON UPDATE CASCADE,
  CONSTRAINT `fba_auth_item_child_ibfk_2` FOREIGN KEY (`child`) REFERENCES `fba_auth_item` (`name`) ON DELETE CASCADE ON UPDATE CASCADE
) ENGINE=InnoDB DEFAULT CHARSET=utf8 COLLATE=utf8_unicode_ci;

INSERT INTO `fba_auth_item_child` (`parent`, `child`) VALUES
('admin',	'configure grid view'),
('admin',	'create user'),
('admin',	'delete users'),
('admin',	'display settings'),
('admin',	'save settings'),
('admin',	'update users'),
('admin',	'view users'),
('worker',	'delete self user'),
('worker',	'update self user'),
('worker',	'view self user');

DROP TABLE IF EXISTS `fba_auth_rule`;
CREATE TABLE `fba_auth_rule` (
  `name` varchar(64) COLLATE utf8_unicode_ci NOT NULL,
  `data` text COLLATE utf8_unicode_ci,
  `created_at` int(11) DEFAULT NULL,
  `updated_at` int(11) DEFAULT NULL,
  PRIMARY KEY (`name`)
) ENGINE=InnoDB DEFAULT CHARSET=utf8 COLLATE=utf8_unicode_ci;


DROP TABLE IF EXISTS `fba_grid_view_config`;
CREATE TABLE `fba_grid_view_config` (
  `id` int(11) NOT NULL AUTO_INCREMENT,
  `user_id` int(11) NOT NULL,
  `model_id` int(11) NOT NULL,
  `property` varchar(128) COLLATE utf8_unicode_ci NOT NULL,
  `value` tinyint(4) DEFAULT '0',
  `type` varchar(64) COLLATE utf8_unicode_ci DEFAULT 'text',
  `class` varchar(128) COLLATE utf8_unicode_ci DEFAULT NULL,
  `position` int(11) NOT NULL,
  PRIMARY KEY (`id`)
) ENGINE=InnoDB DEFAULT CHARSET=utf8 COLLATE=utf8_unicode_ci;


DROP TABLE IF EXISTS `fba_grid_view_models`;
CREATE TABLE `fba_grid_view_models` (
  `id` int(11) NOT NULL AUTO_INCREMENT,
  `namespace` varchar(128) COLLATE utf8_unicode_ci NOT NULL,
  PRIMARY KEY (`id`)
) ENGINE=InnoDB DEFAULT CHARSET=utf8 COLLATE=utf8_unicode_ci;


DROP TABLE IF EXISTS `fba_i18n`;
CREATE TABLE `fba_i18n` (
  `id` int(11) NOT NULL AUTO_INCREMENT,
  `name` varchar(64) COLLATE utf8_unicode_ci NOT NULL,
  `symbol` varchar(10) COLLATE utf8_unicode_ci NOT NULL,
  `module` varchar(64) COLLATE utf8_unicode_ci NOT NULL DEFAULT 'backend',
  PRIMARY KEY (`id`)
) ENGINE=InnoDB DEFAULT CHARSET=utf8 COLLATE=utf8_unicode_ci;

INSERT INTO `fba_i18n` (`id`, `name`, `symbol`, `module`) VALUES
(1,	'Polski',	'pl_PL',	'backend'),
(2,	'English',	'en_US',	'backend'),
(3,	'Polski',	'pl_PL',	'frontend');

DROP TABLE IF EXISTS `fba_i18n_message`;
CREATE TABLE `fba_i18n_message` (
  `id` int(11) NOT NULL AUTO_INCREMENT,
  `source_id` int(11) NOT NULL,
  `i18n_id` int(11) NOT NULL,
  `translation` text COLLATE utf8_unicode_ci,
  PRIMARY KEY (`id`),
  KEY `INDEX` (`source_id`),
  KEY `language` (`i18n_id`),
  CONSTRAINT `fba_i18n_message_ibfk_1` FOREIGN KEY (`i18n_id`) REFERENCES `fba_i18n` (`id`)
) ENGINE=InnoDB DEFAULT CHARSET=utf8 COLLATE=utf8_unicode_ci;

INSERT INTO `fba_i18n_message` (`id`, `source_id`, `i18n_id`, `translation`) VALUES
(1,	1,	1,	'Nazwa użytkownika'),
(2,	2,	1,	'Imię i nazwisko'),
(3,	3,	1,	'Hasło'),
(4,	4,	1,	'Powtórz hasło'),
(5,	5,	1,	'Rola'),
(6,	6,	1,	'Rola'),
(7,	7,	1,	'Utworzony'),
(8,	8,	1,	'Adres email'),
(9,	9,	1,	'Wszyscy'),
(10,	10,	1,	'Dodaj użytkownika'),
(11,	11,	1,	'Podgląd'),
(12,	12,	1,	'Usuń'),
(13,	13,	1,	'Edytuj'),
(14,	14,	1,	'Informacje'),
(15,	15,	1,	'Ogólne'),
(16,	16,	1,	'Serwer SMTP'),
(17,	17,	1,	'Domyślny tytuł'),
(18,	18,	1,	'Menadżer plików'),
(19,	19,	1,	'Nazwa firmy'),
(20,	20,	1,	'Adres email'),
(21,	21,	1,	'Numer telefonu'),
(22,	22,	1,	'Strona internetowa'),
(23,	23,	1,	'Ulica i numer'),
(24,	24,	1,	'Miasto'),
(25,	25,	1,	'Kod pocztowy'),
(26,	26,	1,	'Host'),
(27,	27,	1,	'Login'),
(28,	28,	1,	'Hasło'),
(29,	29,	1,	'Port'),
(30,	30,	1,	'Fioletowy'),
(31,	31,	1,	'Fioletowy Jasny'),
(32,	32,	1,	'Motyw'),
(33,	33,	1,	'Czarny'),
(34,	34,	1,	'Czarny Jasny'),
(35,	35,	1,	'Niebieski'),
(36,	36,	1,	'Niebieski Jasny'),
(37,	37,	1,	'Zielony'),
(38,	38,	1,	'Zielony Jasny'),
(39,	39,	1,	'Czerwony'),
(40,	40,	1,	'Czerwony Jasny'),
(41,	41,	1,	'Żółty'),
(42,	42,	1,	'Żółty Jasny'),
(43,	43,	1,	'Wyloguj'),
(44,	44,	1,	'Dołączył'),
(45,	45,	1,	'Konto'),
(46,	46,	1,	'Pokaż/Ukryj nawigację'),
(47,	47,	1,	'Nawigacja'),
(48,	48,	1,	'Strona główna'),
(49,	49,	1,	'Menadżer Plików'),
(50,	50,	1,	'Użytkownicy'),
(51,	51,	1,	'Ustawienia'),
(52,	52,	1,	'Wybierz typ konta'),
(53,	53,	1,	'Utwórz'),
(54,	54,	1,	'Zaktualizuj'),
(55,	55,	1,	'Użytkownicy'),
(56,	56,	1,	'Pokaż wszystkich'),
(57,	57,	1,	'Użytkowników'),
(58,	58,	1,	'Użytkownik'),
(59,	59,	1,	'Wystąpił nieoczekiwany błąd, skontaktuj się z administratorem.'),
(60,	60,	1,	'Wystąpił błąd, nie masz odpowiednich uprawnień.'),
(61,	61,	1,	'Nie możesz edytować tego obiektu, nie posiadasz odpowiednich uprawnień.'),
(62,	62,	1,	'Zaktualizowano pomyślnie.'),
(63,	63,	1,	'Nie możesz usunąć tego obiektu, nie posiadasz odpowiednich uprawnień.'),
(64,	64,	1,	'Użytkownik {account} został usunięty pomyślnie.'),
(65,	65,	1,	'Ten obiekt nie może być usunięty.'),
(66,	66,	1,	'Nie masz uprawnień by dodać nowego użytkownika.'),
(67,	67,	1,	'Nie możesz zobaczyć danych tego obiektu, nie masz odpowiednich uprawnień.'),
(68,	68,	1,	'Nie masz uprawnień by zapisać te ustawienia.'),
(69,	69,	1,	'Edycja użytkownika'),
(70,	70,	1,	'Nie masz odpowiednich uprawnień, by wyświetlić tę stronę.'),
(71,	71,	1,	'Zmiany zostały zapisane pomyślnie.'),
(72,	77,	1,	'Wszystko'),
(73,	83,	1,	'Tekst w stopce'),
(74,	85,	1,	'Szyfrowanie'),
(75,	86,	1,	'Hasło'),
(76,	87,	1,	'Nadawca'),
(77,	88,	1,	'Języki'),
(78,	89,	1,	'Wszystkie'),
(79,	90,	1,	'Dodaj język'),
(80,	92,	1,	'Nazwa'),
(81,	93,	1,	'Skrót'),
(82,	94,	1,	'Zarządzaj'),
(83,	95,	1,	'Szczegóły'),
(84,	96,	1,	'Zaktualizuj język'),
(85,	97,	1,	'Skrót musi być w formacie np. pl_PL'),
(86,	98,	1,	'Język'),
(87,	99,	1,	'Wybierz język'),
(88,	1,	2,	'Username'),
(89,	2,	2,	'Name'),
(90,	3,	2,	'Password'),
(91,	4,	2,	'Password repeat'),
(92,	5,	2,	'Role'),
(93,	6,	2,	'Rolename'),
(94,	7,	2,	'Created'),
(95,	8,	2,	'Email'),
(96,	9,	2,	'All users'),
(97,	10,	2,	'Add user'),
(98,	11,	2,	'View'),
(99,	12,	2,	'Delete'),
(100,	13,	2,	'Edit'),
(101,	14,	2,	'Information'),
(102,	15,	2,	'System'),
(103,	16,	2,	'SMTP'),
(104,	17,	2,	'Default title'),
(105,	18,	2,	'File manager'),
(106,	19,	2,	'Name'),
(107,	20,	2,	'Email'),
(108,	21,	2,	'Phone'),
(109,	22,	2,	'Website'),
(110,	23,	2,	'Street and number'),
(111,	24,	2,	'City'),
(112,	25,	2,	'Zipcode'),
(113,	26,	2,	'Smtp host'),
(114,	27,	2,	'Smtp login'),
(115,	28,	2,	'Smtp password'),
(116,	29,	2,	'Smtp port'),
(117,	30,	2,	'Purple'),
(118,	31,	2,	'Purple Light'),
(119,	32,	2,	'Theme'),
(120,	33,	2,	'Black'),
(121,	34,	2,	'Black Light'),
(122,	35,	2,	'Blue'),
(123,	36,	2,	'Blue Light'),
(124,	37,	2,	'Green'),
(125,	38,	2,	'Green Light'),
(126,	39,	2,	'Red'),
(127,	40,	2,	'Red Light'),
(128,	41,	2,	'Yellow'),
(129,	42,	2,	'Yellow Light'),
(130,	43,	2,	'Logout'),
(131,	44,	2,	'Joined'),
(132,	45,	2,	'Account'),
(133,	46,	2,	'Toggle navigation'),
(134,	47,	2,	'Navigation'),
(135,	48,	2,	'Home'),
(136,	49,	2,	'File Manager'),
(137,	50,	2,	'Users'),
(138,	51,	2,	'Settings'),
(139,	52,	2,	'Choose account type'),
(140,	53,	2,	'Create'),
(141,	54,	2,	'Update'),
(142,	55,	2,	'Users'),
(143,	56,	2,	'Show all'),
(144,	57,	2,	'Users (Plural)'),
(145,	58,	2,	'Users (Singular)'),
(146,	59,	2,	'\r\nAn unexpected error occurred, please contact with administrator.'),
(147,	60,	2,	'Error occured, you don\'t have administrator permission.'),
(148,	61,	2,	'You are not allowed to edit this object.'),
(149,	62,	2,	'Object was updated successfully.'),
(150,	63,	2,	'You are not allowed to delete this object.'),
(151,	64,	2,	'Account {account} was successfully deleted.'),
(152,	65,	2,	'This object cannot be deleted.'),
(153,	66,	2,	'You are not allowed to create new user.'),
(154,	67,	2,	'You are not allowed to view this object.'),
(155,	68,	2,	'You are not allowed to save this settings.'),
(156,	69,	2,	'Update user'),
(157,	70,	2,	'You do not have correct permissions to access that site.'),
(158,	71,	2,	'Settings have been successfully saved.'),
(159,	77,	2,	'All'),
(160,	83,	2,	'Footer text'),
(161,	85,	2,	'Smtp encryption'),
(162,	86,	2,	'Password'),
(163,	87,	2,	'Sender'),
(164,	88,	2,	'Languages'),
(165,	89,	2,	'All languages'),
(166,	90,	2,	'Add language'),
(167,	91,	2,	'Add language'),
(168,	92,	2,	'Name'),
(169,	93,	2,	'Symbol'),
(170,	94,	2,	'Manage'),
(171,	95,	2,	'Details'),
(172,	96,	2,	'Update language'),
(173,	97,	2,	'For consistency, all locale IDs should be canonicalized to the format of eg. en_US or pl_PL'),
(174,	98,	2,	'Language'),
(175,	99,	2,	'Choose language'),
(265,	91,	1,	'Dodaj język'),
(266,	1,	3,	'Dupa'),
(267,	100,	1,	'Poziom zmiany języka będzie zastosowany tylko w panelu.'),
(268,	101,	1,	'Poziom zmiany języka'),
(269,	102,	1,	'Wybierz poziom'),
(270,	103,	1,	'Ciasteczka'),
(271,	104,	1,	'Użytkownika'),
(272,	105,	1,	'Globalny'),
(273,	106,	1,	'Sklep internetowy	'),
(274,	107,	1,	'Panel administracyjny'),
(275,	108,	1,	'Moduł'),
(276,	109,	1,	'Wybierz moduł'),
(277,	110,	1,	'Sklep internetowy'),
(278,	111,	1,	'Panel administracyjny'),
(279,	112,	1,	'Skrót musi być w formacie np. pl_PL'),
(280,	113,	1,	'Zaktualizuj język'),
(281,	114,	1,	'Nie znaleziono żadnych tłumaczeń');

DROP TABLE IF EXISTS `fba_i18n_source_backend`;
CREATE TABLE `fba_i18n_source_backend` (
  `id` int(11) NOT NULL AUTO_INCREMENT,
  `category` varchar(255) COLLATE utf8_unicode_ci DEFAULT NULL,
  `message` text COLLATE utf8_unicode_ci,
  PRIMARY KEY (`id`)
) ENGINE=InnoDB DEFAULT CHARSET=utf8 COLLATE=utf8_unicode_ci;

INSERT INTO `fba_i18n_source_backend` (`id`, `category`, `message`) VALUES
(1,	'user',	'Username'),
(2,	'user',	'Name'),
(3,	'user',	'Password'),
(4,	'user',	'Password repeat'),
(5,	'user',	'Role'),
(6,	'user',	'Rolename'),
(7,	'user',	'Created'),
(8,	'user',	'Email'),
(9,	'user',	'All users'),
(10,	'user',	'Add user'),
(11,	'system',	'View'),
(12,	'system',	'Delete'),
(13,	'system',	'Edit'),
(14,	'settings',	'Information'),
(15,	'settings',	'System'),
(16,	'settings',	'SMTP'),
(17,	'settings',	'Default title'),
(18,	'settings',	'File manager'),
(19,	'settings',	'Name'),
(20,	'settings',	'Email'),
(21,	'settings',	'Phone'),
(22,	'settings',	'Website'),
(23,	'settings',	'Street and number'),
(24,	'settings',	'City'),
(25,	'settings',	'Zipcode'),
(26,	'settings',	'Smtp host'),
(27,	'settings',	'Smtp login'),
(28,	'settings',	'Smtp password'),
(29,	'settings',	'Smtp port'),
(30,	'theme',	'Purple'),
(31,	'theme',	'Purple Light'),
(32,	'settings',	'Theme'),
(33,	'theme',	'Black'),
(34,	'theme',	'Black Light'),
(35,	'theme',	'Blue'),
(36,	'theme',	'Blue Light'),
(37,	'theme',	'Green'),
(38,	'theme',	'Green Light'),
(39,	'theme',	'Red'),
(40,	'theme',	'Red Light'),
(41,	'theme',	'Yellow'),
(42,	'theme',	'Yellow Light'),
(43,	'system',	'Logout'),
(44,	'system',	'Joined'),
(45,	'system',	'Account'),
(46,	'system',	'Toggle navigation'),
(47,	'system',	'Navigation'),
(48,	'navigation',	'Home'),
(49,	'navigation',	'File Manager'),
(50,	'navigation',	'Users'),
(51,	'navigation',	'Settings'),
(52,	'system',	'Choose account type'),
(53,	'system',	'Create'),
(54,	'system',	'Update'),
(55,	'system',	'Users'),
(56,	'system',	'Show all'),
(57,	'system',	'Users (Plural)'),
(58,	'system',	'Users (Singular)'),
(59,	'system',	'\r\nAn unexpected error occurred, please contact with administrator.'),
(60,	'system',	'Error occured, you don\'t have administrator permission.'),
(61,	'system',	'You are not allowed to edit this object.'),
(62,	'system',	'Object was updated successfully.'),
(63,	'system',	'You are not allowed to delete this object.'),
(64,	'user',	'Account {account} was successfully deleted.'),
(65,	'system',	'This object cannot be deleted.'),
(66,	'user',	'You are not allowed to create new user.'),
(67,	'system',	'You are not allowed to view this object.'),
(68,	'system',	'You are not allowed to save this settings.'),
(69,	'user',	'Update user'),
(70,	'system',	'You do not have correct permissions to access that site.'),
(71,	'system',	'Settings have been successfully saved.'),
(77,	'system',	'All'),
(83,	'settings',	'Footer text'),
(85,	'settings',	'Smtp encryption'),
(86,	'settings',	'Password'),
(87,	'settings',	'Sender'),
(88,	'navigation',	'Languages'),
(89,	'language',	'All languages'),
(90,	'navigation',	'Add language'),
(91,	'language',	'Add language'),
(92,	'language',	'Name'),
(93,	'language',	'Symbol'),
(94,	'system',	'Manage'),
(95,	'system',	'Details'),
(96,	'system',	'Update language'),
(97,	'system',	'For consistency, all locale IDs should be canonicalized to the format of eg. en_US or pl_PL'),
(98,	'settings',	'Language'),
(99,	'settings',	'Choose language'),
(100,	'settings',	'Language level is only applied for panel.'),
(101,	'settings',	'Language level'),
(102,	'settings',	'Choose language level'),
(103,	'settings',	'Cookie'),
(104,	'settings',	'User'),
(105,	'settings',	'Global'),
(106,	'navigation',	'Frontend languages'),
(107,	'navigation',	'Backend languages'),
(108,	'language',	'Module'),
(109,	'language',	'Choose module'),
(110,	'language',	'Frontend'),
(111,	'language',	'Backend'),
(112,	'language',	'For consistency, all locale IDs should be canonicalized to the format of eg. en_US or pl_PL'),
(113,	'language',	'Update language'),
(114,	'language',	'No translations found');

DROP TABLE IF EXISTS `fba_i18n_source_frontend`;
CREATE TABLE `fba_i18n_source_frontend` (
  `id` int(11) NOT NULL AUTO_INCREMENT,
  `category` varchar(255) COLLATE utf8_unicode_ci DEFAULT NULL,
  `message` text COLLATE utf8_unicode_ci,
  PRIMARY KEY (`id`)
) ENGINE=InnoDB DEFAULT CHARSET=utf8 COLLATE=utf8_unicode_ci;


DROP TABLE IF EXISTS `fba_menu_backend`;
CREATE TABLE `fba_menu_backend` (
  `id` int(11) NOT NULL AUTO_INCREMENT,
  `parent_id` int(11) NOT NULL DEFAULT '0',
  `name` varchar(256) COLLATE utf8_unicode_ci NOT NULL,
  `symbol` varchar(64) COLLATE utf8_unicode_ci NOT NULL,
  `route` varchar(256) COLLATE utf8_unicode_ci NOT NULL,
  `routeOptions` varchar(256) COLLATE utf8_unicode_ci DEFAULT NULL,
  `icon` varchar(128) COLLATE utf8_unicode_ci NOT NULL DEFAULT 'fa fa-th',
  `position` int(11) NOT NULL,
  `admin_access` tinyint(4) NOT NULL DEFAULT '0',
  PRIMARY KEY (`id`)
) ENGINE=InnoDB DEFAULT CHARSET=utf8 COLLATE=utf8_unicode_ci;

INSERT INTO `fba_menu_backend` (`id`, `parent_id`, `name`, `symbol`, `route`, `routeOptions`, `icon`, `position`, `admin_access`) VALUES
(1,	0,	'Home',	'HOME',	'site',	NULL,	'fa fa-dashboard',	0,	0),
(2,	0,	'Users',	'USER',	'user',	NULL,	'fa fa-users',	1,	0),
(3,	0,	'Settings',	'SETTINGS',	'settings',	NULL,	'fa fa-cogs',	4,	1),
(4,	0,	'File Manager',	'FILEMANAGER',	'file-manager',	NULL,	'fa fa-file',	2,	0),
(6,	0,	'Languages',	'LANGUAGE',	'#',	NULL,	'fa fa-language',	3,	0),
(7,	6,	'Frontend languages',	'FLANGUAGES',	'language',	'module=frontend',	'fa fa-tag',	0,	0),
(8,	6,	'Backend languages',	'BLANGUAGES',	'language',	'module=backend',	'fa fa-tag',	1,	0);

DROP TABLE IF EXISTS `fba_settings`;
CREATE TABLE `fba_settings` (
  `id` int(11) NOT NULL AUTO_INCREMENT,
  `key` varchar(128) COLLATE utf8_unicode_ci NOT NULL,
  `value` varchar(256) COLLATE utf8_unicode_ci DEFAULT NULL,
  `default` varchar(256) COLLATE utf8_unicode_ci DEFAULT NULL,
  `description` text COLLATE utf8_unicode_ci,
  `module` varchar(64) COLLATE utf8_unicode_ci NOT NULL DEFAULT 'SYSTEM',
  PRIMARY KEY (`id`)
) ENGINE=InnoDB DEFAULT CHARSET=utf8 COLLATE=utf8_unicode_ci;

INSERT INTO `fba_settings` (`id`, `key`, `value`, `default`, `description`, `module`) VALUES
(1,	'name',	NULL,	NULL,	NULL,	'INFORMATION'),
(2,	'email',	NULL,	NULL,	NULL,	'INFORMATION'),
(3,	'phone',	NULL,	NULL,	NULL,	'INFORMATION'),
(4,	'website',	NULL,	NULL,	NULL,	'INFORMATION'),
(5,	'street',	NULL,	NULL,	NULL,	'INFORMATION'),
(6,	'city',	NULL,	NULL,	NULL,	'INFORMATION'),
(7,	'zip',	NULL,	NULL,	NULL,	'INFORMATION'),
(8,	'host',	NULL,	NULL,	NULL,	'SMTP'),
(9,	'login',	NULL,	NULL,	NULL,	'SMTP'),
(10,	'password',	NULL,	NULL,	NULL,	'SMTP'),
(11,	'port',	NULL,	NULL,	NULL,	'SMTP'),
(13,	'site_title',	'Fluid Base Advanced',	NULL,	NULL,	'SYSTEM'),
(14,	'file_manager',	'1',	NULL,	NULL,	'SYSTEM'),
(15,	'theme',	'skin-blue',	'skin-purple-light',	'Theme of the panel',	'SYSTEM'),
(17,	'login',	NULL,	NULL,	NULL,	'SMS'),
(18,	'password',	NULL,	NULL,	NULL,	'SMS'),
(19,	'sender',	NULL,	NULL,	NULL,	'SMS'),
(20,	'footer_text',	'Copyright © Tavoite. All rights reserved.',	'Copyright © Paweł Mrowiec. All rights reserved.',	NULL,	'SYSTEM'),
(21,	'language',	'pl_PL',	'pl_PL',	NULL,	'SYSTEM'),
(22,	'language_level',	'global',	'global',	'Option sets level of language translation.\r\nAccepted values: cookie, user, global\r\nDescription:\r\n - cookie (individual for every computer and browser)\r\n - user (every user can set different language)\r\n - global (the same language for all user on veery computer)',	'SYSTEM');

DROP TABLE IF EXISTS `fba_user`;
CREATE TABLE `fba_user` (
  `id` int(11) NOT NULL AUTO_INCREMENT,
  `username` varchar(255) COLLATE utf8_unicode_ci NOT NULL,
  `name` varchar(255) COLLATE utf8_unicode_ci NOT NULL,
  `email` varchar(255) COLLATE utf8_unicode_ci NOT NULL,
  `avatar` varchar(255) COLLATE utf8_unicode_ci DEFAULT NULL,
  `auth_key` varchar(32) COLLATE utf8_unicode_ci NOT NULL,
  `password_hash` varchar(255) COLLATE utf8_unicode_ci NOT NULL,
  `password_reset_token` varchar(255) COLLATE utf8_unicode_ci DEFAULT NULL,
  `language` varchar(6) COLLATE utf8_unicode_ci DEFAULT NULL,
  `status` smallint(6) NOT NULL DEFAULT '10',
  `deletable` smallint(4) NOT NULL DEFAULT '0',
  `created_at` int(11) NOT NULL,
  `updated_at` int(11) NOT NULL,
  PRIMARY KEY (`id`),
  UNIQUE KEY `username` (`username`),
  UNIQUE KEY `email` (`email`),
  UNIQUE KEY `password_reset_token` (`password_reset_token`)
) ENGINE=InnoDB DEFAULT CHARSET=utf8 COLLATE=utf8_unicode_ci;

INSERT INTO `fba_user` (`id`, `username`, `name`, `email`, `avatar`, `auth_key`, `password_hash`, `password_reset_token`, `language`, `status`, `deletable`, `created_at`, `updated_at`) VALUES
(1,	'admin',	'Paweł Mrowiec',	'kontakt@tavoite.pl',	'avatars/men3.png',	'3CrRTcjKndZX63c37z8FqtWnzoyw1alM',	'$2y$13$o4Zer7KxNR1os6SQzeuJQ.UZQE2qRZQaBF9QGxCuc1a2Z9jD..F26',	NULL,	'pl_PL',	10,	0,	0,	1473318323),
(2,	'worker',	'Jan Kowalski',	'worker@dev.pl',	'avatars/men2.png',	'7Q3mEasxng2XvpthOQksnzwPSnsDYsB-',	'$2y$13$PwS1ES4kKezWPLi2t2RFqOY16l0ZGNss3aHaHCWXiXHQN/24ny6.2',	NULL,	NULL,	10,	1,	0,	1466103295);

-- 2016-09-08 07:06:17
